epoch,train_loss,val_macro_f1,val_acc,lr,seconds
1,1.9471310541442295,0.6023993314251893,0.7611418047882136,0.001,24.9
2,1.3761131377756113,0.7737296231156833,0.8513812154696132,0.001,33.1
3,1.216076967382569,0.8226372459865056,0.8939226519337017,0.001,41.3
4,1.1283068788258321,0.8356728023903193,0.9079189686924494,0.001,49.5
5,1.0776339159827892,0.873682329242849,0.916206261510129,0.001,57.7
6,1.0368414614489594,0.9085657274018374,0.9394106813996317,0.001,66.0
7,1.01563530510427,0.9059613531716154,0.9432780847145488,0.001,74.2
8,0.9865094232445085,0.9094156899692095,0.9377532228360957,0.001,82.5
9,0.9689562276362993,0.9155234642746541,0.943462246777164,0.001,90.8
10,0.9537756560596264,0.9343972368735816,0.9567219152854513,0.001,99.1
11,0.9418988488591097,0.920999266148271,0.9504604051565377,0.001,107.5
12,0.9280727056365432,0.956997418047751,0.9644567219152854,0.001,116.0
13,0.9158857226516917,0.9500699774555792,0.9574585635359116,0.001,124.4
14,0.9098363291002488,0.9509531343200152,0.9639042357274401,0.001,132.8
15,0.8997374252057343,0.9591791878573668,0.9712707182320443,0.001,141.3
16,0.8938222707341469,0.9553652065831779,0.9679558011049724,0.001,149.8
17,0.8839830199482008,0.9447496520185966,0.9576427255985267,0.001,158.2
18,0.8769662836294018,0.9644176373471678,0.9721915285451197,0.001,166.7
19,0.874499892752522,0.9726160165738771,0.98195211786372,0.001,175.1
20,0.8684196681235946,0.9711014585238008,0.978268876611418,0.001,183.5
